coworking_name,operator,address,latitude,longitude,source_url,secondary_source_url,collection_date,matched_rule,review_note
LEAP Areeiro,LEAP,"Avenida Almirante Gago Coutinho 30, 1000-017 Lisboa",38.7455307,-9.1309678,https://leap.pt/localizacoes/leap-areeiro/,https://leap.pt/contactos/,2026-08-13,official_site_and_current_map,"Official location page offers coworking and gives this address; Google Maps listing was active with recent reviews during the 2026-08-13 audit."
Espaço Equilíbrio Terapias,Espaço Equilíbrio Terapias,"Rua Oliveira Martins 29A, 1000-210 Lisboa",38.7441029,-9.1399468,https://espacoequilibriotec.com/,https://www.google.com/maps/search/?api=1&query=38.7441029%2C-9.1399468,2026-08-13,official_site_and_current_map,"Official site and current Google Maps listing explicitly describe coworking for therapists at this address."
Nau Coworking,Nau Coworking,"Rua dos Lagares d'El Rei 19A, 1700-268 Lisboa",38.7479652,-9.1341579,https://coworkingnau.com/,https://www.google.com/maps/search/?api=1&query=38.7479652%2C-9.1341579,2026-08-13,official_site_and_current_map,"Official site lists desks, meeting space, 24/7 access and this physical address."
Work@380,Work@380,"Rua Odette de Saint-Maurice 3C Loja 4, 1700-921 Lisboa",38.7588466,-9.1530671,https://www.workat380.pt/workat380/,https://www.google.com/maps/search/?api=1&query=38.7588466%2C-9.1530671,2026-08-13,official_site_and_current_map,"Official site lists coworking desks, day access and this physical address; current Maps listing corroborates activity."
Workup,Workup,"Rua Tomás da Fonseca 40A, 1600-209 Lisboa",38.7553788,-9.1670743,https://workup.pt/en/,https://www.google.com/maps/search/?api=1&query=38.7553788%2C-9.1670743,2026-08-13,official_site_and_current_map,"Official site presents an active coworking and coliving workspace at this address."
MU Workspace Lisboa,MU Workspace,"Rua Luís Piçarra 4, 1750-100 Lisboa",38.775989,-9.150699,https://www.muworkspace.com/,https://www.google.com/maps/search/?api=1&query=38.775989%2C-9.150699,2026-08-13,official_site_and_current_map,"Official site lists shared desks and this address; current Maps listing corroborates the location."
LACS Anjos,LACS,"Rua Febo Moniz 27B, 1150-152 Lisboa",38.7262921,-9.1359085,https://www.lacs.pt/locations/anjos/,https://www.google.com/maps/search/?api=1&query=38.7262921%2C-9.1359085,2026-08-13,official_site_and_current_map,"Official LACS location page lists coworking at Anjos; current Maps listing corroborates activity and coordinates."
Second Home Lisboa,Second Home,"Mercado da Ribeira, Avenida 24 de Julho, 1200-479 Lisboa",38.7067399,-9.145929,https://secondhome.io/coworking-space-lisbon/,https://www.google.com/maps/search/?api=1&query=38.7067399%2C-9.145929,2026-08-13,official_site_and_current_map,"Official location page offers coworking memberships and day passes at Mercado da Ribeira."
Outsite Cowork Cafe,Outsite,"Rua de São Paulo 109, 1200-275 Lisboa",38.7084414,-9.1472091,https://www.outsite.co/pt/locations/lisbon-cais-do-sodre,https://www.google.com/maps/search/?api=1&query=38.7084414%2C-9.1472091,2026-08-13,official_site_and_current_map,"Official Outsite location page offers a cowork cafe and workspace access at this address."
Casa do Impacto,Casa do Impacto,"Travessa de São Pedro 8, 1200-432 Lisboa",38.7147111,-9.1458097,https://casadoimpacto.scml.pt/,https://www.google.com/maps/search/?api=1&query=38.7147111%2C-9.1458097,2026-08-13,official_site_and_current_map,"Current official SCML site and programme material describe physical coworking rooms at this address."
Impact Hub Lisbon — Penha de França,Impact Hub Lisbon,"Rua Neves Ferreira 13, 3.º, 1170-273 Lisboa",38.7306073,-9.1299207,https://lisbon.impacthub.net/coworking/,https://www.google.com/maps/search/?api=1&query=38.7306073%2C-9.1299207,2026-08-13,official_site_and_current_map,"Official coworking page publishes current desk products, prices and the Penha de França address."
AND friends,AND friends,"Avenida Coronel Eduardo Galhardo 5D, 1170-105 Lisboa",38.727673,-9.1261207,https://and.phorm.pt/,https://www.google.com/maps/search/?api=1&query=38.727673%2C-9.1261207,2026-08-13,official_site_and_current_map,"Current official site explicitly offers coworking and lists this address and opening hours."
Maleo Sete Rios,Maleo,"Avenida José Malhoa 19, 1070-157 Lisboa",38.737573,-9.165566,https://maleo.com/pt/offices/sete-rios,https://www.google.com/maps/search/?api=1&query=38.737573%2C-9.165566,2026-08-13,official_site_and_current_map,"Official location page offers active flexible serviced workspace. Retained under the project rule for team-oriented flexible workspace."
LEAP Sete Rios,LEAP,"Rua de Campolide 351, 1070-034 Lisboa",38.7385551,-9.1676887,https://cowork.leap.pt/,https://leap.pt/contactos/,2026-08-13,official_site_and_current_map,"Official LEAP cowork and contact pages list the Sete Rios workspace and this address; current Maps listing corroborates activity."
Hub55,Hub55,"Rua Fernando Namora 44B, 1600-454 Lisboa",38.7602255,-9.1788405,https://hub55.pt/espacos/,https://www.google.com/maps/search/?api=1&query=38.7602255%2C-9.1788405,2026-08-13,official_site_and_current_map,"Official site describes an active collaborative professional workspace and membership at this address."
Jiboia Studio,Jiboia Studio,"Rua Bica do Marquês 31D, 1300-087 Lisboa",38.7047103,-9.1982673,https://www.jiboia.studio/,https://www.google.com/maps/search/?api=1&query=38.7047103%2C-9.1982673,2026-08-13,official_site_and_current_map,"Current official site explicitly describes a coworking floor and lists this address."
Trullino,Trullino,"Calçada da Boa Hora 105A, 1300-090 Lisboa",38.7025859,-9.1933612,https://trullino.com/,https://www.google.com/maps/search/?api=1&query=38.7025859%2C-9.1933612,2026-08-13,official_site_and_current_map,"Official site presents a dedicated laptop-friendly flexible workspace at this address; retained under the physical shared-workspace rule."
Espaço C3,Espaço C3,"Rua Almirante Sarmento Rodrigues, Lote 2 Piso -1, 1900-927 Lisboa",38.7342422,-9.1222881,https://www.espaco-c3.pt/,https://www.google.com/maps/search/?api=1&query=38.7342422%2C-9.1222881,2026-08-13,official_site_and_current_map,"Official site publishes coworking access, prices, hours and this physical address."
Paradise Streets,Paradise Streets,"Rua dos Balsares de Baixo 23 Porta 1B, 1750-037 Lisboa",38.7932037,-9.1521542,https://www.paradisestreets.pt/servicos/,https://www.google.com/maps/search/?api=1&query=38.7932037%2C-9.1521542,2026-08-13,official_site_recent_review_and_map,"Official services page lists coworking; the current Maps listing identifies a coworking space and had a review from three weeks before the audit."
